
<annotation>
    <folder>images</folder>
    <filename>phones150.png</filename>
    <size>
        <width>267</width>
        <height>400</height>
        <depth>3</depth>
    </size>
    <segmented>0</segmented>
    <object>
        <name>phone</name>
        <pose>Unspecified</pose>
        <truncated>0</truncated>
        <occluded>0</occluded>
        <difficult>0</difficult>
        <bndbox>
            <xmin>87</xmin>
            <ymin>144</ymin>
            <xmax>185</xmax>
            <ymax>334</ymax>
        </bndbox>
    </object>
</annotation>