
<annotation>
    <folder>images</folder>
    <filename>phones173.png</filename>
    <size>
        <width>320</width>
        <height>400</height>
        <depth>3</depth>
    </size>
    <segmented>0</segmented>
    <object>
        <name>phone</name>
        <pose>Unspecified</pose>
        <truncated>0</truncated>
        <occluded>0</occluded>
        <difficult>0</difficult>
        <bndbox>
            <xmin>26</xmin>
            <ymin>299</ymin>
            <xmax>136</xmax>
            <ymax>397</ymax>
        </bndbox>
    </object>
</annotation>