
<annotation>
    <folder>images</folder>
    <filename>phones129.png</filename>
    <size>
        <width>400</width>
        <height>300</height>
        <depth>3</depth>
    </size>
    <segmented>0</segmented>
    <object>
        <name>phone</name>
        <pose>Unspecified</pose>
        <truncated>0</truncated>
        <occluded>0</occluded>
        <difficult>0</difficult>
        <bndbox>
            <xmin>60</xmin>
            <ymin>38</ymin>
            <xmax>346</xmax>
            <ymax>252</ymax>
        </bndbox>
    </object>
</annotation>