
<annotation>
    <folder>images</folder>
    <filename>phones118.png</filename>
    <size>
        <width>400</width>
        <height>321</height>
        <depth>3</depth>
    </size>
    <segmented>0</segmented>
    <object>
        <name>phone</name>
        <pose>Unspecified</pose>
        <truncated>0</truncated>
        <occluded>0</occluded>
        <difficult>0</difficult>
        <bndbox>
            <xmin>65</xmin>
            <ymin>58</ymin>
            <xmax>344</xmax>
            <ymax>265</ymax>
        </bndbox>
    </object>
</annotation>