
<annotation>
    <folder>images</folder>
    <filename>phones18.png</filename>
    <size>
        <width>400</width>
        <height>266</height>
        <depth>3</depth>
    </size>
    <segmented>0</segmented>
    <object>
        <name>phone</name>
        <pose>Unspecified</pose>
        <truncated>0</truncated>
        <occluded>0</occluded>
        <difficult>0</difficult>
        <bndbox>
            <xmin>108</xmin>
            <ymin>96</ymin>
            <xmax>339</xmax>
            <ymax>177</ymax>
        </bndbox>
    </object>
</annotation>