
<annotation>
    <folder>images</folder>
    <filename>phones139.png</filename>
    <size>
        <width>321</width>
        <height>400</height>
        <depth>3</depth>
    </size>
    <segmented>0</segmented>
    <object>
        <name>phone</name>
        <pose>Unspecified</pose>
        <truncated>0</truncated>
        <occluded>0</occluded>
        <difficult>0</difficult>
        <bndbox>
            <xmin>99</xmin>
            <ymin>100</ymin>
            <xmax>213</xmax>
            <ymax>326</ymax>
        </bndbox>
    </object>
</annotation>