
<annotation>
    <folder>images</folder>
    <filename>phones28.png</filename>
    <size>
        <width>286</width>
        <height>400</height>
        <depth>3</depth>
    </size>
    <segmented>0</segmented>
    <object>
        <name>phone</name>
        <pose>Unspecified</pose>
        <truncated>0</truncated>
        <occluded>0</occluded>
        <difficult>0</difficult>
        <bndbox>
            <xmin>68</xmin>
            <ymin>132</ymin>
            <xmax>210</xmax>
            <ymax>277</ymax>
        </bndbox>
    </object>
</annotation>